issue,action,uuid,name,warehouse_name,warehouse_uuid,unit,qty
in_catalog_not_in_stock,Add this product UUID to /sync/stock (or fix UUID mismatch),ca769cd0-5701-4d74-bc2b-e76d3cd46157,Cake 60*60,"""Main Preparation Kitchen """,,Pc(s),
in_catalog_not_in_stock,Add this product UUID to /sync/stock (or fix UUID mismatch),47ea4edc-9416-4093-984f-7b2799bf1da3,Cup Of Tea,"""Main Preparation Kitchen """,,Pc(s),
in_catalog_not_in_stock,Add this product UUID to /sync/stock (or fix UUID mismatch),04979f41-d7e0-411a-8947-e4ee732a6137,Espresso,"""Main Preparation Kitchen """,,Pc(s),
in_catalog_not_in_stock,Add this product UUID to /sync/stock (or fix UUID mismatch),fad438a7-103e-4db5-9a86-5212ccd2bca0,Ice Cream With Slush 500mls,"""Main Preparation Kitchen """,,Pc(s),
in_catalog_not_in_stock,Add this product UUID to /sync/stock (or fix UUID mismatch),d20f70ec-c363-4f11-983d-ea854d293550,Iced Coffee,"""Main Preparation Kitchen """,,Pc(s),
in_catalog_not_in_stock,Add this product UUID to /sync/stock (or fix UUID mismatch),10c8ef8a-092d-4a8c-8014-8f573e371b04,Popcorn,"""Main Preparation Kitchen """,,Pc(s),
in_catalog_not_in_stock,Add this product UUID to /sync/stock (or fix UUID mismatch),0f4119cf-460f-45d6-a009-38b06d1cc2b8,Slush,"""Main Preparation Kitchen """,,Litre(s),
in_catalog_not_in_stock,Add this product UUID to /sync/stock (or fix UUID mismatch),4b7a777f-e3de-4600-8311-e51616c612d8,Vegetarian Donner Kebab,"""Main Preparation Kitchen """,,Pc(s),
in_catalog_not_in_stock,Add this product UUID to /sync/stock (or fix UUID mismatch),8817a557-6ee3-4ebc-b54e-fc9f191d134f,7-Up,Beverages Storeroom,,Case(s),
in_catalog_not_in_stock,Add this product UUID to /sync/stock (or fix UUID mismatch),8f04ae38-5181-41c0-a8c4-3318764f9617,Fanta Apple,Beverages Storeroom,,Case(s),
in_catalog_not_in_stock,Add this product UUID to /sync/stock (or fix UUID mismatch),04a25156-91c0-4f9d-abbb-668403c48b98,Fruiticana Exotic,Beverages Storeroom,,Case(s),
in_catalog_not_in_stock,Add this product UUID to /sync/stock (or fix UUID mismatch),6c7b7624-1e14-429f-aaec-d452678e064a,Kombat Energy Drink,Beverages Storeroom,,Case(s),
in_catalog_not_in_stock,Add this product UUID to /sync/stock (or fix UUID mismatch),dbca4b76-b854-4d52-ae36-4d5a17872b04,Miranda Apple,Beverages Storeroom,,Case(s),
in_catalog_not_in_stock,Add this product UUID to /sync/stock (or fix UUID mismatch),1ebcd251-1346-4cf2-8da6-a44f64202f6e,Miranda Fruity,Beverages Storeroom,,Case(s),
in_catalog_not_in_stock,Add this product UUID to /sync/stock (or fix UUID mismatch),6f60fa8f-f216-41a3-935e-5788774de096,Miranda Raspberry,Beverages Storeroom,,Case(s),
in_catalog_not_in_stock,Add this product UUID to /sync/stock (or fix UUID mismatch),c9d1cde8-c077-497a-976a-0d502169ba27,Mojo Energy Drink,Beverages Storeroom,,Case(s),
in_catalog_not_in_stock,Add this product UUID to /sync/stock (or fix UUID mismatch),3bdebba9-1d7e-4794-b684-b52ee1492052,Mountain Dew,Beverages Storeroom,,Case(s),
in_catalog_not_in_stock,Add this product UUID to /sync/stock (or fix UUID mismatch),e73cbf7f-5fc4-41c7-a521-df835102d78b,Wildcat Energy Drink,Beverages Storeroom,,Case(s),
in_catalog_not_in_stock,Add this product UUID to /sync/stock (or fix UUID mismatch),ff2eaad5-3532-411c-a506-fa97a69f7fe5,BBQ Meat,Coldroom # 1,,Packet(s),
in_catalog_not_in_stock,Add this product UUID to /sync/stock (or fix UUID mismatch),8aec0b61-e04d-4f30-836a-6a37c78fafc5,BBQ Smoke,Coldroom # 1,,Litre(s),
in_catalog_not_in_stock,Add this product UUID to /sync/stock (or fix UUID mismatch),c9d7a96d-206d-48dd-b3e4-ec2894a55d11,Beef Burger (Coldroom),Coldroom # 1,,Kilogram(s),
in_catalog_not_in_stock,Add this product UUID to /sync/stock (or fix UUID mismatch),3b86b0c2-1621-4c69-bdd8-0cb2cd5e30ac,Beef Shawarma,Coldroom # 1,,Kilogram(s),
in_catalog_not_in_stock,Add this product UUID to /sync/stock (or fix UUID mismatch),79f68b7a-b82b-4432-a2b2-00f7ef1b1651,Frozen Chicken Fillets,Coldroom # 1,,Bag(s),
in_catalog_not_in_stock,Add this product UUID to /sync/stock (or fix UUID mismatch),40a75b26-0a0f-44c4-84e3-ef1f2e275c06,Kafta,Coldroom # 1,,Kilogram(s),
in_catalog_not_in_stock,Add this product UUID to /sync/stock (or fix UUID mismatch),e87ba58b-0716-4bcb-bdb0-390e1329d819,Mawzat,Coldroom # 1,,Kilogram(s),
in_catalog_not_in_stock,Add this product UUID to /sync/stock (or fix UUID mismatch),1d9fe1bb-1ed7-48be-ac60-0daf17d89a9b,Mixed Cut,Coldroom # 1,,Kilogram(s),
in_catalog_not_in_stock,Add this product UUID to /sync/stock (or fix UUID mismatch),99de4912-8811-4322-a930-2b7769ec0da8,Offals,Coldroom # 1,,Kilogram(s),
in_catalog_not_in_stock,Add this product UUID to /sync/stock (or fix UUID mismatch),db34ac2f-0ed9-43b9-90d6-a02e287a139c,Raw Beef Fillet,Coldroom # 1,,Packet(s),
in_catalog_not_in_stock,Add this product UUID to /sync/stock (or fix UUID mismatch),bcacc496-ffd7-430b-8c17-709d0497a1ff,Donner Kebab Chicken,Coldroom # 8,,Kilogram(s),
in_catalog_not_in_stock,Add this product UUID to /sync/stock (or fix UUID mismatch),aa6ffcd0-0bb9-4d6f-9eec-68b7f84724f2,Olympic Flour Gold Bread Flour 50Kg,Flour & Potatoe Warehouse,,Bag(s),
in_catalog_not_in_stock,Add this product UUID to /sync/stock (or fix UUID mismatch),a11f1940-b702-486a-b648-8baf145ca4be,Diesel,Fuel & Charcoal Storeroom,,Litre(s),
in_catalog_not_in_stock,Add this product UUID to /sync/stock (or fix UUID mismatch),49c965ba-0008-4aa8-a6e4-a3236b12ed89,B.B.Q Special South Spice,Ingredients Storeroom,,Bag(s),
in_catalog_not_in_stock,Add this product UUID to /sync/stock (or fix UUID mismatch),e0f2bc08-2b4e-475f-8dd2-1ea2effa60f5,Brown Flour 10Kg,Ingredients Storeroom,,Bag(s),
in_catalog_not_in_stock,Add this product UUID to /sync/stock (or fix UUID mismatch),fe456c92-4c5f-417a-9e64-7fb2cee2266b,Brush,Ingredients Storeroom,,Pc(s),
in_catalog_not_in_stock,Add this product UUID to /sync/stock (or fix UUID mismatch),ad46ae0b-9a4f-496e-9149-3f6d90b6205f,Chicken Burger Patty,Ingredients Storeroom,,Packet(s),
in_catalog_not_in_stock,Add this product UUID to /sync/stock (or fix UUID mismatch),8501ad66-7338-4b32-afc0-ee29d6b8f8e1,Cinnamon Sticks,Ingredients Storeroom,,Packet(s),
in_catalog_not_in_stock,Add this product UUID to /sync/stock (or fix UUID mismatch),2ff33f07-4e79-4448-a578-794b6371093f,Coriander Powder,Ingredients Storeroom,,Packet(s),
in_catalog_not_in_stock,Add this product UUID to /sync/stock (or fix UUID mismatch),ccc8b24a-bfa7-49bf-831b-7a83dae9756b,Custard,Ingredients Storeroom,,Packet(s),
in_catalog_not_in_stock,Add this product UUID to /sync/stock (or fix UUID mismatch),c4a1bd0d-640a-4444-b3b3-f0217d036749,Five Roses Tea,Ingredients Storeroom,,Box(es),
in_catalog_not_in_stock,Add this product UUID to /sync/stock (or fix UUID mismatch),3a2a4de3-d344-4749-a17b-bb39137d0a6d,Groundnuts,Ingredients Storeroom,,Kilogram(s),
in_catalog_not_in_stock,Add this product UUID to /sync/stock (or fix UUID mismatch),20f7cfcc-d82b-451b-ab61-a280f3f08409,Kitchen Xpress Sesame Seeds,Ingredients Storeroom,,Packet(s),
in_catalog_not_in_stock,Add this product UUID to /sync/stock (or fix UUID mismatch),df3f77dd-4104-422e-9745-36ea83f47913,Mamas Mzansi Mustard Sauce,Ingredients Storeroom,,Bottle(s),
in_catalog_not_in_stock,Add this product UUID to /sync/stock (or fix UUID mismatch),317756c0-6434-4b53-a78b-905052ea95e3,Massor dal 1Kg,Ingredients Storeroom,,Packet(s),
in_catalog_not_in_stock,Add this product UUID to /sync/stock (or fix UUID mismatch),00f6edd0-6aad-4ab8-99e0-9f1bfcdc52f8,Mortadella,Ingredients Storeroom,,Pc(s),
in_catalog_not_in_stock,Add this product UUID to /sync/stock (or fix UUID mismatch),722a0a41-c353-4abd-b715-6f8761666009,Pineapple Slush Essence,Ingredients Storeroom,,Bottle(s),
in_catalog_not_in_stock,Add this product UUID to /sync/stock (or fix UUID mismatch),1e858c68-45a3-483f-81ab-c0dc7b2cdc66,Royal Double Acting,Ingredients Storeroom,,Packet(s),
in_catalog_not_in_stock,Add this product UUID to /sync/stock (or fix UUID mismatch),552f93a6-cfce-44e6-bdd0-c697a5ad7d1a,Sweet Corn,Ingredients Storeroom,,Tin Can(s),
in_catalog_not_in_stock,Add this product UUID to /sync/stock (or fix UUID mismatch),e302d578-2253-44b6-9ea2-94de95114ef4,Take Away Packers (Small),Ingredients Storeroom,,Pc(s),
in_catalog_not_in_stock,Add this product UUID to /sync/stock (or fix UUID mismatch),31aff19c-32d8-410e-b5ba-6c0d6d123e0d,Zam Coffee,Ingredients Storeroom,,Packet(s),
in_catalog_not_in_stock,Add this product UUID to /sync/stock (or fix UUID mismatch),de5cb0ae-6589-486c-a855-7007313b0bf8,Zeal,Ingredients Storeroom,,Packet(s),
in_catalog_not_in_stock,Add this product UUID to /sync/stock (or fix UUID mismatch),a99aec09-e83c-4b0e-86a5-ac58419a76d4,Eggplant,Mahmoud Abdoun,,Kilogram(s),
in_catalog_not_in_stock,Add this product UUID to /sync/stock (or fix UUID mismatch),ddd89b2a-d856-4961-8763-b6d788104d2a,Chicken Donner Kebab,Quick Corner,,Pc(s),
in_catalog_not_in_stock,Add this product UUID to /sync/stock (or fix UUID mismatch),ed9128e7-1a3f-4647-8444-15f0fbb6666b,Slush 500mls,Quick Corner,,Pc(s),
in_catalog_not_in_stock,Add this product UUID to /sync/stock (or fix UUID mismatch),2eebecc2-e42c-4c06-b2d2-46bd4736df0e,Cooking Oil,Soyola Warehouse,,Bucket(s),
in_catalog_not_in_stock,Add this product UUID to /sync/stock (or fix UUID mismatch),5488997b-de90-406b-9da1-6a836ad6f18c,Soyola Bottles 10L,Soyola Warehouse,,Pc(s),
stock_row_missing_uuid,Add a UUID to this stock row in the stock system,,7npczIqCmLf06ucG276z,Beverages Storeroom,f71a25d0-9ec2-454d-a606-93cfaa3c606b,,6
stock_row_missing_uuid,Add a UUID to this stock row in the stock system,,cea2041f-dbc3-4c56-8035-5eaea87a2dc4,Beverages Storeroom,f71a25d0-9ec2-454d-a606-93cfaa3c606b,,5
stock_row_missing_uuid,Add a UUID to this stock row in the stock system,,GGZBrvqzke6AJl84XVa8,Beverages Storeroom,f71a25d0-9ec2-454d-a606-93cfaa3c606b,,5
stock_row_missing_uuid,Add a UUID to this stock row in the stock system,,KrkNEzGPfJUCGi6zOWS0,Beverages Storeroom,f71a25d0-9ec2-454d-a606-93cfaa3c606b,,5
stock_row_missing_uuid,Add a UUID to this stock row in the stock system,,jMKRtV9l67lOIz4e0keI,Ingredients Storeroom,0c9ddd9e-d42c-475f-9232-5e9d649b0916,,9
