kind,catalog_id,product_id,variant_id,name,stock_uuid
variant,359de1d5-2a2f-4f92-b5d3-bf317a1ef9cb,c1bf468f-6d16-4d34-8d9c-5f77114d3ca5,359de1d5-2a2f-4f92-b5d3-bf317a1ef9cb,15cm*15cm Cake,359de1d5-2a2f-4f92-b5d3-bf317a1ef9cb
variant,7e156baa-29b6-4887-85a9-ce557bd225aa,c1bf468f-6d16-4d34-8d9c-5f77114d3ca5,7e156baa-29b6-4887-85a9-ce557bd225aa,19cm*25cm Cake,7e156baa-29b6-4887-85a9-ce557bd225aa
product,2a8acb3e-62d8-41c1-82c6-6d87ce325ef5,2a8acb3e-62d8-41c1-82c6-6d87ce325ef5,,2 Kg Ice Cubes,2a8acb3e-62d8-41c1-82c6-6d87ce325ef5
variant,c7506bf2-c975-4821-823d-85d2a9188e85,c1bf468f-6d16-4d34-8d9c-5f77114d3ca5,c7506bf2-c975-4821-823d-85d2a9188e85,30cm Cake,c7506bf2-c975-4821-823d-85d2a9188e85
variant,8d6b6eb2-8375-4808-9326-bc40fa49ad1f,c1bf468f-6d16-4d34-8d9c-5f77114d3ca5,8d6b6eb2-8375-4808-9326-bc40fa49ad1f,35cm Cake,8d6b6eb2-8375-4808-9326-bc40fa49ad1f
product,d46c7c99-c0c2-43b3-bda5-6c7f0070f72c,d46c7c99-c0c2-43b3-bda5-6c7f0070f72c,,4 Kg Ice Cubes,d46c7c99-c0c2-43b3-bda5-6c7f0070f72c
variant,8817a557-6ee3-4ebc-b54e-fc9f191d134f,bbafd6a5-aa46-44ea-ac60-14da9bd4eaa2,8817a557-6ee3-4ebc-b54e-fc9f191d134f,7-Up,8817a557-6ee3-4ebc-b54e-fc9f191d134f
variant,3ec980a3-cb30-475d-ad54-08279b1fbbc8,fa313d72-146b-49d3-8e84-32995bad6335,3ec980a3-cb30-475d-ad54-08279b1fbbc8,Afterten 500mls,3ec980a3-cb30-475d-ad54-08279b1fbbc8
product,3a323ea4-0024-45ee-950e-dadfd4d4b33e,3a323ea4-0024-45ee-950e-dadfd4d4b33e,,Ajax Bottle,3a323ea4-0024-45ee-950e-dadfd4d4b33e
product,245,245,,Alcohols,245
product,7b8e0df1-8a98-4969-b3ff-e5b980aaedc8,7b8e0df1-8a98-4969-b3ff-e5b980aaedc8,,Aromat(/Bottle),7b8e0df1-8a98-4969-b3ff-e5b980aaedc8
product,49c965ba-0008-4aa8-a6e4-a3236b12ed89,49c965ba-0008-4aa8-a6e4-a3236b12ed89,,B.B.Q Special South Spice,49c965ba-0008-4aa8-a6e4-a3236b12ed89
product,ff2eaad5-3532-411c-a506-fa97a69f7fe5,ff2eaad5-3532-411c-a506-fa97a69f7fe5,,BBQ Meat,ff2eaad5-3532-411c-a506-fa97a69f7fe5
product,8aec0b61-e04d-4f30-836a-6a37c78fafc5,8aec0b61-e04d-4f30-836a-6a37c78fafc5,,BBQ Smoke,8aec0b61-e04d-4f30-836a-6a37c78fafc5
product,30cecdff-7425-4f62-840c-09a1a30a5171,30cecdff-7425-4f62-840c-09a1a30a5171,,Beef Kebab,30cecdff-7425-4f62-840c-09a1a30a5171
product,3b86b0c2-1621-4c69-bdd8-0cb2cd5e30ac,3b86b0c2-1621-4c69-bdd8-0cb2cd5e30ac,,Beef Shawarma,3b86b0c2-1621-4c69-bdd8-0cb2cd5e30ac
product,2d87a22f-8d11-4250-bf34-ee6956be5159,2d87a22f-8d11-4250-bf34-ee6956be5159,,Beef Shawarma Sandwich,2d87a22f-8d11-4250-bf34-ee6956be5159
product,eef9612c-de92-4915-bf7a-bbcbfc906e03,eef9612c-de92-4915-bf7a-bbcbfc906e03,,Beef Stew,eef9612c-de92-4915-bf7a-bbcbfc906e03
product,0ae6ff03-6227-4d35-96a3-bd7f5d5e2e2b,0ae6ff03-6227-4d35-96a3-bd7f5d5e2e2b,,Black Pepper(/Bottle),0ae6ff03-6227-4d35-96a3-bd7f5d5e2e2b
product,964c9008-019f-48ec-9c57-5ca622f34280,964c9008-019f-48ec-9c57-5ca622f34280,,Boom Paste(/Box),964c9008-019f-48ec-9c57-5ca622f34280
product,40abb55a-6fef-401a-8810-840ea35fc70c,40abb55a-6fef-401a-8810-840ea35fc70c,,Bread /Piece,40abb55a-6fef-401a-8810-840ea35fc70c
product,d6904495-4278-4326-a555-164d6c4b2ea3,d6904495-4278-4326-a555-164d6c4b2ea3,,Bread Dough (/Kg),d6904495-4278-4326-a555-164d6c4b2ea3
product,6dfbdaf4-9fa9-435e-bbe4-bdaee2d9ac08,6dfbdaf4-9fa9-435e-bbe4-bdaee2d9ac08,,Bread Flour(/Kg),6dfbdaf4-9fa9-435e-bbe4-bdaee2d9ac08
product,14f90270-a9f6-4302-b11f-3b3859b37dd6,14f90270-a9f6-4302-b11f-3b3859b37dd6,,Bream Fish (350g),14f90270-a9f6-4302-b11f-3b3859b37dd6
product,e0f2bc08-2b4e-475f-8dd2-1ea2effa60f5,e0f2bc08-2b4e-475f-8dd2-1ea2effa60f5,,Brown Flour 10Kg,e0f2bc08-2b4e-475f-8dd2-1ea2effa60f5
product,0fc9b95c-9b99-49a1-95d2-9850dce2f3c0,0fc9b95c-9b99-49a1-95d2-9850dce2f3c0,,Brown Flour(/Kg),0fc9b95c-9b99-49a1-95d2-9850dce2f3c0
product,fe456c92-4c5f-417a-9e64-7fb2cee2266b,fe456c92-4c5f-417a-9e64-7fb2cee2266b,,Brush,fe456c92-4c5f-417a-9e64-7fb2cee2266b
product,244,244,,Burger,244
product,bcc6fa2e-0d30-4fd0-a855-711fbf2a4fae,bcc6fa2e-0d30-4fd0-a855-711fbf2a4fae,,Burger Bread (Each),bcc6fa2e-0d30-4fd0-a855-711fbf2a4fae
product,fa67ab03-3786-4138-a76e-3807c4ccffca,fa67ab03-3786-4138-a76e-3807c4ccffca,,Cabbage(/Head),fa67ab03-3786-4138-a76e-3807c4ccffca
product,c2c5d277-41ab-4ee8-9f2c-546e9020d1b0,c2c5d277-41ab-4ee8-9f2c-546e9020d1b0,,Cabbage(/Kg),c2c5d277-41ab-4ee8-9f2c-546e9020d1b0
product,243,243,,Cake,243
variant,ca769cd0-5701-4d74-bc2b-e76d3cd46157,c1bf468f-6d16-4d34-8d9c-5f77114d3ca5,ca769cd0-5701-4d74-bc2b-e76d3cd46157,Cake 60*60,ca769cd0-5701-4d74-bc2b-e76d3cd46157
product,eccfbb10-04f9-42f4-8407-028e019fd690,eccfbb10-04f9-42f4-8407-028e019fd690,,Cake Flour(/Kg),eccfbb10-04f9-42f4-8407-028e019fd690
product,de3ffa64-9b86-4883-a6f6-c8f3a2a7aade,de3ffa64-9b86-4883-a6f6-c8f3a2a7aade,,Charcoal(/Sack),de3ffa64-9b86-4883-a6f6-c8f3a2a7aade
product,08ed511b-19be-420d-ae2b-671ed773dd5c,08ed511b-19be-420d-ae2b-671ed773dd5c,,Cheddar Sandwich,08ed511b-19be-420d-ae2b-671ed773dd5c
product,dd1533b6-be38-433c-b8eb-c14b4466c2ec,dd1533b6-be38-433c-b8eb-c14b4466c2ec,,Cheese Omlette,dd1533b6-be38-433c-b8eb-c14b4466c2ec
product,d7443ce9-efec-4f72-8367-ed5ad4658343,d7443ce9-efec-4f72-8367-ed5ad4658343,,Chicken Arabian Sandwhich,d7443ce9-efec-4f72-8367-ed5ad4658343
variant,a2bd08ed-cf3d-40ef-aeac-963f4f63df6d,98a13086-4c05-4edc-af10-8ba04d41cf3f,a2bd08ed-cf3d-40ef-aeac-963f4f63df6d,Chicken Burger,a2bd08ed-cf3d-40ef-aeac-963f4f63df6d
product,ad46ae0b-9a4f-496e-9149-3f6d90b6205f,ad46ae0b-9a4f-496e-9149-3f6d90b6205f,,Chicken Burger Patty,ad46ae0b-9a4f-496e-9149-3f6d90b6205f
product,9754d913-f85a-455e-bc16-47766d22efb7,9754d913-f85a-455e-bc16-47766d22efb7,,Chicken Crunch,9754d913-f85a-455e-bc16-47766d22efb7
product,ddd89b2a-d856-4961-8763-b6d788104d2a,ddd89b2a-d856-4961-8763-b6d788104d2a,,Chicken Donner Kebab,ddd89b2a-d856-4961-8763-b6d788104d2a
product,3a7e586a-8c25-4ea4-ae27-d4ad39848746,3a7e586a-8c25-4ea4-ae27-d4ad39848746,,Chicken Hong Kong,3a7e586a-8c25-4ea4-ae27-d4ad39848746
product,e027e6e6-9b7f-442a-a9f3-653a516b7a4f,e027e6e6-9b7f-442a-a9f3-653a516b7a4f,,Chicken Kebab,e027e6e6-9b7f-442a-a9f3-653a516b7a4f
product,0883b19d-84ea-4537-befa-d2a64db74fe5,0883b19d-84ea-4537-befa-d2a64db74fe5,,Chicken Liver Shawarma,0883b19d-84ea-4537-befa-d2a64db74fe5
product,a2e46a92-33e4-4dfb-9816-a90721bf3891,a2e46a92-33e4-4dfb-9816-a90721bf3891,,Chicken Liver With Rice,a2e46a92-33e4-4dfb-9816-a90721bf3891
product,1f2e0e11-095b-4424-b56a-a21df0af920a,1f2e0e11-095b-4424-b56a-a21df0af920a,,Chicken Lollipop (Each),1f2e0e11-095b-4424-b56a-a21df0af920a
product,34cc72e5-afe1-4f3e-b392-07e60d07d5e0,34cc72e5-afe1-4f3e-b392-07e60d07d5e0,,Chicken Pieces,34cc72e5-afe1-4f3e-b392-07e60d07d5e0
product,0107a136-4596-48f8-9482-4eb2143716a6,0107a136-4596-48f8-9482-4eb2143716a6,,Chicken Shawarma,0107a136-4596-48f8-9482-4eb2143716a6
product,a9b6b2e4-ea84-46e4-81e6-8af0cef8d6cf,a9b6b2e4-ea84-46e4-81e6-8af0cef8d6cf,,Chicken Spice Powder(/Kg),a9b6b2e4-ea84-46e4-81e6-8af0cef8d6cf
product,46cc6bb1-e463-42da-b571-16fda79393ee,46cc6bb1-e463-42da-b571-16fda79393ee,,Chicken Stew,46cc6bb1-e463-42da-b571-16fda79393ee
product,c0932b79-6fd5-45a4-a392-e5dd7e29251a,c0932b79-6fd5-45a4-a392-e5dd7e29251a,,Chicken Twister Sandwich,c0932b79-6fd5-45a4-a392-e5dd7e29251a
product,0f001cd2-abbc-4f1d-89ef-cb64b0954f07,0f001cd2-abbc-4f1d-89ef-cb64b0954f07,,Chicken Wings,0f001cd2-abbc-4f1d-89ef-cb64b0954f07
product,2a83e950-26e7-4aa3-889b-2801aee0559e,2a83e950-26e7-4aa3-889b-2801aee0559e,,Chips,2a83e950-26e7-4aa3-889b-2801aee0559e
product,a95c4c6e-1461-4f18-8aa8-bbf7db5aa743,a95c4c6e-1461-4f18-8aa8-bbf7db5aa743,,Chips Spice(/Kg),a95c4c6e-1461-4f18-8aa8-bbf7db5aa743
product,73916f99-5a9e-4898-9ae3-23024e852670,73916f99-5a9e-4898-9ae3-23024e852670,,Cinnamon Powder(/Kg),73916f99-5a9e-4898-9ae3-23024e852670
product,8501ad66-7338-4b32-afc0-ee29d6b8f8e1,8501ad66-7338-4b32-afc0-ee29d6b8f8e1,,Cinnamon Sticks,8501ad66-7338-4b32-afc0-ee29d6b8f8e1
variant,1ebcd251-1346-4cf2-8da6-a44f64202f6e,bbafd6a5-aa46-44ea-ac60-14da9bd4eaa2,1ebcd251-1346-4cf2-8da6-a44f64202f6e,Coca Cola,1ebcd251-1346-4cf2-8da6-a44f64202f6e
product,e528e8db-c448-49c5-a965-f5c48984e053,e528e8db-c448-49c5-a965-f5c48984e053,,Coleslaw Salad,e528e8db-c448-49c5-a965-f5c48984e053
variant,6c7b7624-1e14-429f-aaec-d452678e064a,8d0c05e0-a939-4c24-9ea5-424baf37c2eb,6c7b7624-1e14-429f-aaec-d452678e064a,Combat Energy Drink,6c7b7624-1e14-429f-aaec-d452678e064a
product,dc4f5129-037a-4c30-ad65-1f77313ad0ba,dc4f5129-037a-4c30-ad65-1f77313ad0ba,,Confectionaries,dc4f5129-037a-4c30-ad65-1f77313ad0ba
product,2eebecc2-e42c-4c06-b2d2-46bd4736df0e,2eebecc2-e42c-4c06-b2d2-46bd4736df0e,,Cooking Oil,2eebecc2-e42c-4c06-b2d2-46bd4736df0e
product,2ff33f07-4e79-4448-a578-794b6371093f,2ff33f07-4e79-4448-a578-794b6371093f,,Coriander Powder,2ff33f07-4e79-4448-a578-794b6371093f
product,86ab8ff5-acf6-4f54-a9cb-acc4c7abe498,86ab8ff5-acf6-4f54-a9cb-acc4c7abe498,,Cream(/Kg),86ab8ff5-acf6-4f54-a9cb-acc4c7abe498
product,ffc247b4-14d2-4bc7-a1cb-711a8493c9d3,ffc247b4-14d2-4bc7-a1cb-711a8493c9d3,,Cumin Spice(/Kg),ffc247b4-14d2-4bc7-a1cb-711a8493c9d3
product,47ea4edc-9416-4093-984f-7b2799bf1da3,47ea4edc-9416-4093-984f-7b2799bf1da3,,Cup Of Tea,47ea4edc-9416-4093-984f-7b2799bf1da3
product,ebc67e27-b20f-4fb8-b6f8-56bddc0ade4a,ebc67e27-b20f-4fb8-b6f8-56bddc0ade4a,,Curry Powder(/Kg),ebc67e27-b20f-4fb8-b6f8-56bddc0ade4a
product,ccc8b24a-bfa7-49bf-831b-7a83dae9756b,ccc8b24a-bfa7-49bf-831b-7a83dae9756b,,Custard,ccc8b24a-bfa7-49bf-831b-7a83dae9756b
product,357,357,,Dipd Wings (10 Pcs),357
product,72,72,,Disposable Drink 500mls,72
product,bcacc496-ffd7-430b-8c17-709d0497a1ff,bcacc496-ffd7-430b-8c17-709d0497a1ff,,Donner Kebab Chicken,bcacc496-ffd7-430b-8c17-709d0497a1ff
product,3481b0ec-fbc7-4e0b-8e0b-ca55bee6aa20,3481b0ec-fbc7-4e0b-8e0b-ca55bee6aa20,,Eggs(/Egg),3481b0ec-fbc7-4e0b-8e0b-ca55bee6aa20
product,d7d6cb7e-68db-41af-9e65-0c16aa5f19ef,d7d6cb7e-68db-41af-9e65-0c16aa5f19ef,,Empty Containers,d7d6cb7e-68db-41af-9e65-0c16aa5f19ef
product,364,364,,Energy Drinks,364
product,5ead36ac-2e70-4bd7-a933-37db1131247e,5ead36ac-2e70-4bd7-a933-37db1131247e,,English Breakfast + Hot Beverage,5ead36ac-2e70-4bd7-a933-37db1131247e
product,04979f41-d7e0-411a-8947-e4ee732a6137,04979f41-d7e0-411a-8947-e4ee732a6137,,Espresso,04979f41-d7e0-411a-8947-e4ee732a6137
variant,04a25156-91c0-4f9d-abbb-668403c48b98,a029c3dc-4b03-4290-a579-c804367389a7,04a25156-91c0-4f9d-abbb-668403c48b98,Exotic,04a25156-91c0-4f9d-abbb-668403c48b98
product,dee16d4b-d915-4664-a3ac-16d8f3f28879,dee16d4b-d915-4664-a3ac-16d8f3f28879,,Fajita Sandwich,dee16d4b-d915-4664-a3ac-16d8f3f28879
product,662bfbc5-eede-4b0b-a24e-f4b49bb4ae3c,662bfbc5-eede-4b0b-a24e-f4b49bb4ae3c,,Falafel Sandwich,662bfbc5-eede-4b0b-a24e-f4b49bb4ae3c
variant,c7efa472-782a-40c4-b58f-4974d62e42e6,b240aad3-2140-4ebb-9645-e996115fdac7,c7efa472-782a-40c4-b58f-4974d62e42e6,Family Donner Pizza,c7efa472-782a-40c4-b58f-4974d62e42e6
variant,d7509801-5267-4139-acf0-ab2c200eb7a6,b240aad3-2140-4ebb-9645-e996115fdac7,d7509801-5267-4139-acf0-ab2c200eb7a6,Family Donner Pizza + Extra Cheese,d7509801-5267-4139-acf0-ab2c200eb7a6
product,a2c14c2f-031a-4c7b-86cb-271447f2243a,a2c14c2f-031a-4c7b-86cb-271447f2243a,,Family Pack (25 Wings),a2c14c2f-031a-4c7b-86cb-271447f2243a
variant,8f04ae38-5181-41c0-a8c4-3318764f9617,bbafd6a5-aa46-44ea-ac60-14da9bd4eaa2,8f04ae38-5181-41c0-a8c4-3318764f9617,Fanta Apple,8f04ae38-5181-41c0-a8c4-3318764f9617
product,d3682a82-69e3-4949-9e7f-076e6e190cef,d3682a82-69e3-4949-9e7f-076e6e190cef,,Fillet Fish,d3682a82-69e3-4949-9e7f-076e6e190cef
product,2dcdcd46-2098-42a4-a0b3-a8fc7ae02363,2dcdcd46-2098-42a4-a0b3-a8fc7ae02363,,Fillet Fish (150g) + Chips,2dcdcd46-2098-42a4-a0b3-a8fc7ae02363
product,dfcac260-5932-4b9f-9d08-adb6024a4ac6,dfcac260-5932-4b9f-9d08-adb6024a4ac6,,Fillet Steak,dfcac260-5932-4b9f-9d08-adb6024a4ac6
product,c4a1bd0d-640a-4444-b3b3-f0217d036749,c4a1bd0d-640a-4444-b3b3-f0217d036749,,Five Roses Tea,c4a1bd0d-640a-4444-b3b3-f0217d036749
product,6d455a5d-9009-43bf-ac6b-5d0a10271097,6d455a5d-9009-43bf-ac6b-5d0a10271097,,Foil Paper(/Roll),6d455a5d-9009-43bf-ac6b-5d0a10271097
product,96751c93-c75e-4261-a3ba-4ee0ca419b42,96751c93-c75e-4261-a3ba-4ee0ca419b42,,Fried Chicken Crispy Piece,96751c93-c75e-4261-a3ba-4ee0ca419b42
product,c3291bb4-03b8-495d-a9a0-e377330d80b2,c3291bb4-03b8-495d-a9a0-e377330d80b2,,Fried Rice,c3291bb4-03b8-495d-a9a0-e377330d80b2
product,66,66,,Fruiticana,66
product,dc6af238-a17b-4241-85f9-bff36723acc1,dc6af238-a17b-4241-85f9-bff36723acc1,,Garlic(/Kg),dc6af238-a17b-4241-85f9-bff36723acc1
product,e923b6dc-b7c6-432e-a750-2ddfbe5aed38,e923b6dc-b7c6-432e-a750-2ddfbe5aed38,,Ginger(/Kg),e923b6dc-b7c6-432e-a750-2ddfbe5aed38
product,3a918469-01e3-4471-98a5-9ed536b474aa,3a918469-01e3-4471-98a5-9ed536b474aa,,Gizzards,3a918469-01e3-4471-98a5-9ed536b474aa
product,114a9955-18d7-4dc6-998b-55d0419872b1,114a9955-18d7-4dc6-998b-55d0419872b1,,Green Beans(/Kg),114a9955-18d7-4dc6-998b-55d0419872b1
product,f2b3ff42-bc25-4fd3-abd8-db90fb07bfca,f2b3ff42-bc25-4fd3-abd8-db90fb07bfca,,Green Salad,f2b3ff42-bc25-4fd3-abd8-db90fb07bfca
product,3a2a4de3-d344-4749-a17b-bb39137d0a6d,3a2a4de3-d344-4749-a17b-bb39137d0a6d,,Groundnuts,3a2a4de3-d344-4749-a17b-bb39137d0a6d
product,d4204614-eac8-4aef-8e31-2555dde080c9,d4204614-eac8-4aef-8e31-2555dde080c9,,Half Chicken,d4204614-eac8-4aef-8e31-2555dde080c9
product,d619f026-7a81-4de5-ae74-bf67e12d6c62,d619f026-7a81-4de5-ae74-bf67e12d6c62,,Hand Wash(/Dispenser),d619f026-7a81-4de5-ae74-bf67e12d6c62
variant,8342f5c0-8426-4b3f-a56d-b0e28c9a3d5c,be370f52-2ae3-4ab2-92e5-fd3b863d70a9,8342f5c0-8426-4b3f-a56d-b0e28c9a3d5c,Hot,8342f5c0-8426-4b3f-a56d-b0e28c9a3d5c
product,2d6ea37b-1e67-41ed-b6f6-bb80dafee9dd,2d6ea37b-1e67-41ed-b6f6-bb80dafee9dd,,Hot Beverage,2d6ea37b-1e67-41ed-b6f6-bb80dafee9dd
product,e3f45e81-8da7-4b4c-88b0-d6a3340d0644,e3f45e81-8da7-4b4c-88b0-d6a3340d0644,,Hot Chocoloate,e3f45e81-8da7-4b4c-88b0-d6a3340d0644
product,0df35b0f-ef97-44eb-94de-171f15edc413,0df35b0f-ef97-44eb-94de-171f15edc413,,Hot Coffee,0df35b0f-ef97-44eb-94de-171f15edc413
product,0cfe9373-7fa3-4c35-8dcc-478ac41c87da,0cfe9373-7fa3-4c35-8dcc-478ac41c87da,,Ice Block,0cfe9373-7fa3-4c35-8dcc-478ac41c87da
variant,bbe12cf3-13eb-4f5c-9894-eea24b34e5c8,21e1d144-4a9c-46c8-937f-07be7dd355a9,bbe12cf3-13eb-4f5c-9894-eea24b34e5c8,Ice Cream 250Mls,bbe12cf3-13eb-4f5c-9894-eea24b34e5c8
variant,e8d9d9d2-1881-4f5d-b81a-ca025c282d4d,21e1d144-4a9c-46c8-937f-07be7dd355a9,e8d9d9d2-1881-4f5d-b81a-ca025c282d4d,Ice Cream 250Mls,e8d9d9d2-1881-4f5d-b81a-ca025c282d4d
product,d20f70ec-c363-4f11-983d-ea854d293550,d20f70ec-c363-4f11-983d-ea854d293550,,Iced Coffee,d20f70ec-c363-4f11-983d-ea854d293550
product,215124b9-e6a2-49ea-a8d5-bfa9f4823d65,215124b9-e6a2-49ea-a8d5-bfa9f4823d65,,Ifibombo,215124b9-e6a2-49ea-a8d5-bfa9f4823d65
product,fe4e6444-2f96-48e1-b651-4ebb1e3c2d5a,fe4e6444-2f96-48e1-b651-4ebb1e3c2d5a,,Jik Detergent(/Bottle),fe4e6444-2f96-48e1-b651-4ebb1e3c2d5a
product,40a75b26-0a0f-44c4-84e3-ef1f2e275c06,40a75b26-0a0f-44c4-84e3-ef1f2e275c06,,Kafta,40a75b26-0a0f-44c4-84e3-ef1f2e275c06
product,20f7cfcc-d82b-451b-ab61-a280f3f08409,20f7cfcc-d82b-451b-ab61-a280f3f08409,,Kitchen Xpress Sesame Seeds,20f7cfcc-d82b-451b-ab61-a280f3f08409
variant,56281242-3b65-4db9-acb4-e4d504766a90,8d0c05e0-a939-4c24-9ea5-424baf37c2eb,56281242-3b65-4db9-acb4-e4d504766a90,Kung fu Dry Lemon,56281242-3b65-4db9-acb4-e4d504766a90
variant,cea2041f-dbc3-4c56-8035-5eaea87a2dc4,8d0c05e0-a939-4c24-9ea5-424baf37c2eb,cea2041f-dbc3-4c56-8035-5eaea87a2dc4,Kung Fu Energy Drink Mixed Berry,cea2041f-dbc3-4c56-8035-5eaea87a2dc4
variant,e0ade15b-e4f7-4361-8091-4d74b2d02c33,8d0c05e0-a939-4c24-9ea5-424baf37c2eb,e0ade15b-e4f7-4361-8091-4d74b2d02c33,Kung Fu Mango Loco,e0ade15b-e4f7-4361-8091-4d74b2d02c33
variant,a67726f1-8003-4ba0-81a3-08e0ff3dc0ac,8d0c05e0-a939-4c24-9ea5-424baf37c2eb,a67726f1-8003-4ba0-81a3-08e0ff3dc0ac,Kung Fu Mixed Berry,a67726f1-8003-4ba0-81a3-08e0ff3dc0ac
product,25851429-21ef-40bf-9b23-71085a5c9bf9,25851429-21ef-40bf-9b23-71085a5c9bf9,,Laahm Baagen,25851429-21ef-40bf-9b23-71085a5c9bf9
variant,c87c07f3-ff8a-43a5-9793-1f2742ffc1d0,b99654f5-bc0d-4498-a45d-c1525230df7c,c87c07f3-ff8a-43a5-9793-1f2742ffc1d0,Large Chilli,c87c07f3-ff8a-43a5-9793-1f2742ffc1d0
variant,294c4dc0-4495-48ea-b451-ef48c26ea7b4,b99654f5-bc0d-4498-a45d-c1525230df7c,294c4dc0-4495-48ea-b451-ef48c26ea7b4,Large Garlic,294c4dc0-4495-48ea-b451-ef48c26ea7b4
product,48bf3505-6e1f-4307-a23d-cdcebf2bbb6a,48bf3505-6e1f-4307-a23d-cdcebf2bbb6a,,Large Styroform Packer,48bf3505-6e1f-4307-a23d-cdcebf2bbb6a
product,7a0b0294-69ff-409b-ad09-acf700694c2c,7a0b0294-69ff-409b-ad09-acf700694c2c,,Lettuce(/Kg),7a0b0294-69ff-409b-ad09-acf700694c2c
product,a6ec7e03-11dc-4f37-bea2-c54d44f4f085,a6ec7e03-11dc-4f37-bea2-c54d44f4f085,,Long Bread (Each),a6ec7e03-11dc-4f37-bea2-c54d44f4f085
product,df3f77dd-4104-422e-9745-36ea83f47913,df3f77dd-4104-422e-9745-36ea83f47913,,Mamas Mzansi Mustard Sauce,df3f77dd-4104-422e-9745-36ea83f47913
product,d950d686-2c52-4a4d-9f0d-ebcf35b4281e,d950d686-2c52-4a4d-9f0d-ebcf35b4281e,,Mankushi,d950d686-2c52-4a4d-9f0d-ebcf35b4281e
product,c6620064-0e65-4dbc-bc00-1ebf1bc7cbb5,c6620064-0e65-4dbc-bc00-1ebf1bc7cbb5,,Mankushi Dough (/Kg),c6620064-0e65-4dbc-bc00-1ebf1bc7cbb5
product,317756c0-6434-4b53-a78b-905052ea95e3,317756c0-6434-4b53-a78b-905052ea95e3,,Massor dal 1Kg,317756c0-6434-4b53-a78b-905052ea95e3
product,e87ba58b-0716-4bcb-bdb0-390e1329d819,e87ba58b-0716-4bcb-bdb0-390e1329d819,,Mawzat,e87ba58b-0716-4bcb-bdb0-390e1329d819
product,7304dabf-527f-49b4-bf0c-9d2702234421,7304dabf-527f-49b4-bf0c-9d2702234421,,Meat Pie,7304dabf-527f-49b4-bf0c-9d2702234421
variant,d8eaa1ca-c504-47e8-93f9-e4d1176102d9,b99654f5-bc0d-4498-a45d-c1525230df7c,d8eaa1ca-c504-47e8-93f9-e4d1176102d9,Medium Chilli,d8eaa1ca-c504-47e8-93f9-e4d1176102d9
variant,ab53d841-87d4-4d0f-87ae-1a83a13289e2,b99654f5-bc0d-4498-a45d-c1525230df7c,ab53d841-87d4-4d0f-87ae-1a83a13289e2,Medium Garlic,ab53d841-87d4-4d0f-87ae-1a83a13289e2
product,166aeced-49fb-4d43-b958-04771187212e,166aeced-49fb-4d43-b958-04771187212e,,Milk(/Ltr),166aeced-49fb-4d43-b958-04771187212e
product,61daa300-eaa7-4377-9db1-39352c21df9f,61daa300-eaa7-4377-9db1-39352c21df9f,,Millimeal(/Kg),61daa300-eaa7-4377-9db1-39352c21df9f
product,62,62,,Mineral Water,62
variant,128a6482-b929-4eee-9513-a9dba07a6cd1,98a13086-4c05-4edc-af10-8ba04d41cf3f,128a6482-b929-4eee-9513-a9dba07a6cd1,Mini Burger,128a6482-b929-4eee-9513-a9dba07a6cd1
product,cb175f2d-cb89-488d-ab85-e45851e93464,cb175f2d-cb89-488d-ab85-e45851e93464,,Mini Laahm Baagen (Each),cb175f2d-cb89-488d-ab85-e45851e93464
product,c4007353-2d4e-48db-b74f-3a60095c4f3e,c4007353-2d4e-48db-b74f-3a60095c4f3e,,Mini Mankushi (Each),c4007353-2d4e-48db-b74f-3a60095c4f3e
variant,5b477a37-8598-40f7-b343-938817299274,b240aad3-2140-4ebb-9645-e996115fdac7,5b477a37-8598-40f7-b343-938817299274,Mini Pizza,5b477a37-8598-40f7-b343-938817299274
product,70,70,,Minute Maid,70
variant,dbca4b76-b854-4d52-ae36-4d5a17872b04,bbafd6a5-aa46-44ea-ac60-14da9bd4eaa2,dbca4b76-b854-4d52-ae36-4d5a17872b04,Mirinda Apple,dbca4b76-b854-4d52-ae36-4d5a17872b04
variant,209ab145-5bab-4d4e-8ed0-65407f0553b9,bbafd6a5-aa46-44ea-ac60-14da9bd4eaa2,209ab145-5bab-4d4e-8ed0-65407f0553b9,Mirinda Grape,209ab145-5bab-4d4e-8ed0-65407f0553b9
variant,6f60fa8f-f216-41a3-935e-5788774de096,bbafd6a5-aa46-44ea-ac60-14da9bd4eaa2,6f60fa8f-f216-41a3-935e-5788774de096,Mirinda Raspberyy,6f60fa8f-f216-41a3-935e-5788774de096
variant,709602d4-c4f5-469a-a3c6-5210f323c8c5,be370f52-2ae3-4ab2-92e5-fd3b863d70a9,709602d4-c4f5-469a-a3c6-5210f323c8c5,Mixed,709602d4-c4f5-469a-a3c6-5210f323c8c5
product,1d9fe1bb-1ed7-48be-ac60-0daf17d89a9b,1d9fe1bb-1ed7-48be-ac60-0daf17d89a9b,,Mixed Cut,1d9fe1bb-1ed7-48be-ac60-0daf17d89a9b
variant,c9d1cde8-c077-497a-976a-0d502169ba27,8d0c05e0-a939-4c24-9ea5-424baf37c2eb,c9d1cde8-c077-497a-976a-0d502169ba27,Mojo Energy Drink,c9d1cde8-c077-497a-976a-0d502169ba27
product,5af7199b-9b50-4f8a-87c3-b267df7fc652,5af7199b-9b50-4f8a-87c3-b267df7fc652,,Mop,5af7199b-9b50-4f8a-87c3-b267df7fc652
product,00f6edd0-6aad-4ab8-99e0-9f1bfcdc52f8,00f6edd0-6aad-4ab8-99e0-9f1bfcdc52f8,,Mortadella,00f6edd0-6aad-4ab8-99e0-9f1bfcdc52f8
variant,3bdebba9-1d7e-4794-b684-b52ee1492052,bbafd6a5-aa46-44ea-ac60-14da9bd4eaa2,3bdebba9-1d7e-4794-b684-b52ee1492052,Mountain Dew,3bdebba9-1d7e-4794-b684-b52ee1492052
product,076ad266-bdda-4fcf-a587-ec8cc6d6b749,076ad266-bdda-4fcf-a587-ec8cc6d6b749,,Muffin,076ad266-bdda-4fcf-a587-ec8cc6d6b749
product,deba735d-866d-49fa-a981-926cfe2b43ec,deba735d-866d-49fa-a981-926cfe2b43ec,,Mushrooms(/Kg),deba735d-866d-49fa-a981-926cfe2b43ec
product,5106ee73-ba70-4f53-a37e-8604a85429ba,5106ee73-ba70-4f53-a37e-8604a85429ba,,Nescafe,5106ee73-ba70-4f53-a37e-8604a85429ba
product,d7b84367-e850-4a80-9445-369876ccf4ee,d7b84367-e850-4a80-9445-369876ccf4ee,,Nescafe(/Stick),d7b84367-e850-4a80-9445-369876ccf4ee
product,931b5e92-f2b1-41ab-8042-9b9343e4a88e,931b5e92-f2b1-41ab-8042-9b9343e4a88e,,Nshima,931b5e92-f2b1-41ab-8042-9b9343e4a88e
product,99de4912-8811-4322-a930-2b7769ec0da8,99de4912-8811-4322-a930-2b7769ec0da8,,Offals,99de4912-8811-4322-a930-2b7769ec0da8
product,4a4fa167-314f-4efa-a69f-a6006c262dd4,4a4fa167-314f-4efa-a69f-a6006c262dd4,,Oil(/Ltr),4a4fa167-314f-4efa-a69f-a6006c262dd4
product,aa6ffcd0-0bb9-4d6f-9eec-68b7f84724f2,aa6ffcd0-0bb9-4d6f-9eec-68b7f84724f2,,Olympic Flour Gold Bread Flour 50Kg,aa6ffcd0-0bb9-4d6f-9eec-68b7f84724f2
product,f8e4ad91-7ef5-4c7d-b89c-ec08feb5259b,f8e4ad91-7ef5-4c7d-b89c-ec08feb5259b,,Omelet,f8e4ad91-7ef5-4c7d-b89c-ec08feb5259b
product,e5091eb9-1cd2-48bc-bee4-e1bd2d971bfc,e5091eb9-1cd2-48bc-bee4-e1bd2d971bfc,,Omo Washing Powder,e5091eb9-1cd2-48bc-bee4-e1bd2d971bfc
product,a6f8450b-5fb3-45da-a8c0-aa8dc84f81c3,a6f8450b-5fb3-45da-a8c0-aa8dc84f81c3,,Oxtail,a6f8450b-5fb3-45da-a8c0-aa8dc84f81c3
product,1dad7920-809a-4b1c-b513-8b33d4259719,1dad7920-809a-4b1c-b513-8b33d4259719,,Paprika Spice(/Kg),1dad7920-809a-4b1c-b513-8b33d4259719
product,30b611cb-97ec-4a9f-ab2e-f61d620c734b,30b611cb-97ec-4a9f-ab2e-f61d620c734b,,Philadelphia Sandwich,30b611cb-97ec-4a9f-ab2e-f61d620c734b
product,722a0a41-c353-4abd-b715-6f8761666009,722a0a41-c353-4abd-b715-6f8761666009,,Pineapple Slush Essence,722a0a41-c353-4abd-b715-6f8761666009
product,cf708b42-f51a-4e67-8ca1-25f5d5351c29,cf708b42-f51a-4e67-8ca1-25f5d5351c29,,Pita Bread (Each),cf708b42-f51a-4e67-8ca1-25f5d5351c29
product,177,177,,Pizza,177
product,14d17045-e986-498d-9ed5-62ef8374bae6,14d17045-e986-498d-9ed5-62ef8374bae6,,Plain Curry,14d17045-e986-498d-9ed5-62ef8374bae6
product,fb1ddf98-cf50-4116-a724-dad00ea30ea3,fb1ddf98-cf50-4116-a724-dad00ea30ea3,,Plain Sausage,fb1ddf98-cf50-4116-a724-dad00ea30ea3
product,31536b55-6685-4021-b845-43cc69dedf7a,31536b55-6685-4021-b845-43cc69dedf7a,,Plain Spaghetti,31536b55-6685-4021-b845-43cc69dedf7a
product,5933ba28-eb11-4c23-b9dc-7c04057b0e6a,5933ba28-eb11-4c23-b9dc-7c04057b0e6a,,Plastic Bag,5933ba28-eb11-4c23-b9dc-7c04057b0e6a
product,dabd0bd8-4131-4a81-9cda-0448c668f401,dabd0bd8-4131-4a81-9cda-0448c668f401,,Polo Alfredo Sandwich,dabd0bd8-4131-4a81-9cda-0448c668f401
product,10c8ef8a-092d-4a8c-8014-8f573e371b04,10c8ef8a-092d-4a8c-8014-8f573e371b04,,Popcorn,10c8ef8a-092d-4a8c-8014-8f573e371b04
product,aaf717be-712e-4f19-999d-8aa446be102d,aaf717be-712e-4f19-999d-8aa446be102d,,Potatoes(/Kg),aaf717be-712e-4f19-999d-8aa446be102d
product,1cd46ca7-1805-4555-8bde-06f581130820,1cd46ca7-1805-4555-8bde-06f581130820,,Quarter Chicken,1cd46ca7-1805-4555-8bde-06f581130820
product,c9d7a96d-206d-48dd-b3e4-ec2894a55d11,c9d7a96d-206d-48dd-b3e4-ec2894a55d11,,Raw Beef Burger(/Kg),c9d7a96d-206d-48dd-b3e4-ec2894a55d11
product,db34ac2f-0ed9-43b9-90d6-a02e287a139c,db34ac2f-0ed9-43b9-90d6-a02e287a139c,,Raw Beef Fillet,db34ac2f-0ed9-43b9-90d6-a02e287a139c
product,3fafaf7d-8b22-460f-bac3-bc20902a2080,3fafaf7d-8b22-460f-bac3-bc20902a2080,,Raw Beef Kebab(/Kg),3fafaf7d-8b22-460f-bac3-bc20902a2080
product,9617ab0b-5aa1-49fe-87f9-da9557768eea,9617ab0b-5aa1-49fe-87f9-da9557768eea,,Raw Beef Sausage(/Kg),9617ab0b-5aa1-49fe-87f9-da9557768eea
product,95838896-7f97-437e-9b7c-9f2118198e2a,95838896-7f97-437e-9b7c-9f2118198e2a,,Raw Beef Shawarma(/Kg),95838896-7f97-437e-9b7c-9f2118198e2a
product,f6321cdf-2fe0-4494-a27e-11082b9cb0ae,f6321cdf-2fe0-4494-a27e-11082b9cb0ae,,Raw Boerewors(/Kg),f6321cdf-2fe0-4494-a27e-11082b9cb0ae
product,2f94982c-7052-4ba0-aaac-f89773ecbb15,2f94982c-7052-4ba0-aaac-f89773ecbb15,,Raw Boneless Chicken(/Kg),2f94982c-7052-4ba0-aaac-f89773ecbb15
product,79f68b7a-b82b-4432-a2b2-00f7ef1b1651,79f68b7a-b82b-4432-a2b2-00f7ef1b1651,,Raw Chicken Breast(/Kg),79f68b7a-b82b-4432-a2b2-00f7ef1b1651
product,12c5c84d-ea6c-4ac6-88eb-8da9d6bb4672,12c5c84d-ea6c-4ac6-88eb-8da9d6bb4672,,Raw Chicken Burger(/Kg),12c5c84d-ea6c-4ac6-88eb-8da9d6bb4672
product,11656f55-2e37-4ca8-8e2f-fff5b0e8fad3,11656f55-2e37-4ca8-8e2f-fff5b0e8fad3,,Raw Chicken Giblets(/500g),11656f55-2e37-4ca8-8e2f-fff5b0e8fad3
product,2d0f3a84-84fc-4539-a2e9-c00b1d5b930e,2d0f3a84-84fc-4539-a2e9-c00b1d5b930e,,Raw Chicken Gizzards(/Kg),2d0f3a84-84fc-4539-a2e9-c00b1d5b930e
product,a8cf7dbd-7e4a-4ad5-a76b-f967f9f284b5,a8cf7dbd-7e4a-4ad5-a76b-f967f9f284b5,,Raw Chicken Liver(/300G),a8cf7dbd-7e4a-4ad5-a76b-f967f9f284b5
product,4b66a7ae-0ef9-4ecf-b4d6-a0e3bea1bd00,4b66a7ae-0ef9-4ecf-b4d6-a0e3bea1bd00,,Raw Chicken Liver(/Kg),4b66a7ae-0ef9-4ecf-b4d6-a0e3bea1bd00
product,c77b1321-9c80-4103-ba54-55e52ddfecf7,c77b1321-9c80-4103-ba54-55e52ddfecf7,,Raw Chicken Lolipop(/Kg),c77b1321-9c80-4103-ba54-55e52ddfecf7
product,004c7cc5-63c1-458a-a462-5c8a601fa057,004c7cc5-63c1-458a-a462-5c8a601fa057,,Raw Chicken Pieces(/Kg),004c7cc5-63c1-458a-a462-5c8a601fa057
product,a951727b-c768-436b-92cc-8174ce69ca11,a951727b-c768-436b-92cc-8174ce69ca11,,Raw Chicken Shawarma(/Kg),a951727b-c768-436b-92cc-8174ce69ca11
product,dbae28a5-22b9-4570-84b7-5c2f1c1bb543,dbae28a5-22b9-4570-84b7-5c2f1c1bb543,,Raw Chicken Wings(/Kg),dbae28a5-22b9-4570-84b7-5c2f1c1bb543
product,2fcba89a-237f-47b4-97aa-a2a995e01b02,2fcba89a-237f-47b4-97aa-a2a995e01b02,,Raw Chicken(/Kg),2fcba89a-237f-47b4-97aa-a2a995e01b02
product,a4c5e976-e407-40e9-9b3d-46c42f60e3d1,a4c5e976-e407-40e9-9b3d-46c42f60e3d1,,Raw Fillet Steak(/Kg),a4c5e976-e407-40e9-9b3d-46c42f60e3d1
product,bb902991-78e9-4eea-b7ab-94d7f8ebedcc,bb902991-78e9-4eea-b7ab-94d7f8ebedcc,,Raw Frozen Chips(/Kg),bb902991-78e9-4eea-b7ab-94d7f8ebedcc
product,a1d8c20c-523f-424d-ae5b-f2a2b271eb14,a1d8c20c-523f-424d-ae5b-f2a2b271eb14,,Raw Hungarian Sausage(/Kg),a1d8c20c-523f-424d-ae5b-f2a2b271eb14
product,795e427c-781b-4c1e-b89b-7338d8a73e92,795e427c-781b-4c1e-b89b-7338d8a73e92,,Raw Laahm Baagen(/Kg),795e427c-781b-4c1e-b89b-7338d8a73e92
product,c13fd6f9-db67-4bab-8220-f82083b4083d,c13fd6f9-db67-4bab-8220-f82083b4083d,,Raw Leg & Neck(/500g),c13fd6f9-db67-4bab-8220-f82083b4083d
product,45256cd1-9b91-42e9-8fff-99ec27b5d078,45256cd1-9b91-42e9-8fff-99ec27b5d078,,Raw Minced Chicken(/Kg),45256cd1-9b91-42e9-8fff-99ec27b5d078
product,d32f8d71-895e-4177-818d-d8d50c560f4e,d32f8d71-895e-4177-818d-d8d50c560f4e,,Raw Minced Steak(/Kg),d32f8d71-895e-4177-818d-d8d50c560f4e
product,9512a094-2487-4e42-ab52-9e028a11caab,9512a094-2487-4e42-ab52-9e028a11caab,,Raw Mixed Cut(/Kg),9512a094-2487-4e42-ab52-9e028a11caab
product,f7973d27-7884-41be-a467-78fa8d0c2a00,f7973d27-7884-41be-a467-78fa8d0c2a00,,Raw Steak On Bone(/Kg),f7973d27-7884-41be-a467-78fa8d0c2a00
product,cdc8b9dd-0bd7-4b18-8272-f0f7c8b8f72a,cdc8b9dd-0bd7-4b18-8272-f0f7c8b8f72a,,Raw T.Bone(/Kg),cdc8b9dd-0bd7-4b18-8272-f0f7c8b8f72a
variant,b2b915ad-beb7-49d7-a82d-f58c5a71c25e,be370f52-2ae3-4ab2-92e5-fd3b863d70a9,b2b915ad-beb7-49d7-a82d-f58c5a71c25e,Regular,b2b915ad-beb7-49d7-a82d-f58c5a71c25e
product,d53e08cb-660b-4350-aeec-7b810e0c1adf,d53e08cb-660b-4350-aeec-7b810e0c1adf,,Rice,d53e08cb-660b-4350-aeec-7b810e0c1adf
product,1e858c68-45a3-483f-81ab-c0dc7b2cdc66,1e858c68-45a3-483f-81ab-c0dc7b2cdc66,,Royal Double Acting,1e858c68-45a3-483f-81ab-c0dc7b2cdc66
product,ec651e99-db21-4d53-abdd-974aca46606b,ec651e99-db21-4d53-abdd-974aca46606b,,Salt(/Kg),ec651e99-db21-4d53-abdd-974aca46606b
product,906e01d9-631b-4181-92a5-cd68c4c58438,906e01d9-631b-4181-92a5-cd68c4c58438,,Samoosa (Each),906e01d9-631b-4181-92a5-cd68c4c58438
product,570f4e1c-fd74-4666-b0cc-0094e0f31152,570f4e1c-fd74-4666-b0cc-0094e0f31152,,Sausage & Eggs,570f4e1c-fd74-4666-b0cc-0094e0f31152
product,0efd749e-8568-4156-bd5e-519fd13679fc,0efd749e-8568-4156-bd5e-519fd13679fc,,Scrambled Eggs,0efd749e-8568-4156-bd5e-519fd13679fc
product,b3e8b4cf-3e22-4bff-b995-50a9a86e7da2,b3e8b4cf-3e22-4bff-b995-50a9a86e7da2,,Seasonal Juice,b3e8b4cf-3e22-4bff-b995-50a9a86e7da2
product,b47b045e-4bc4-4ac3-a7ec-0db7e2cfad3c,b47b045e-4bc4-4ac3-a7ec-0db7e2cfad3c,,Serviette Packets,b47b045e-4bc4-4ac3-a7ec-0db7e2cfad3c
product,255,255,,Side Sauce,255
product,f2d9fd80-9fad-44b9-9b4a-a124e1ffd892,f2d9fd80-9fad-44b9-9b4a-a124e1ffd892,,Side Vegetables,f2d9fd80-9fad-44b9-9b4a-a124e1ffd892
product,fad438a7-103e-4db5-9a86-5212ccd2bca0,fad438a7-103e-4db5-9a86-5212ccd2bca0,,Slush With Ice Cream,fad438a7-103e-4db5-9a86-5212ccd2bca0
product,7f3e6915-10ae-40f4-824e-8d1f17b05604,7f3e6915-10ae-40f4-824e-8d1f17b05604,,Slushy,7f3e6915-10ae-40f4-824e-8d1f17b05604
product,ed9128e7-1a3f-4647-8444-15f0fbb6666b,ed9128e7-1a3f-4647-8444-15f0fbb6666b,,Slushy (500ml),ed9128e7-1a3f-4647-8444-15f0fbb6666b
variant,abf214e6-a920-4a44-974e-7a86657ad4ac,b99654f5-bc0d-4498-a45d-c1525230df7c,abf214e6-a920-4a44-974e-7a86657ad4ac,Small Chilli,abf214e6-a920-4a44-974e-7a86657ad4ac
product,fcecd59a-c304-4e2c-96f0-5fdcdf0419eb,fcecd59a-c304-4e2c-96f0-5fdcdf0419eb,,Small Donner Kebab,fcecd59a-c304-4e2c-96f0-5fdcdf0419eb
variant,f7f7d65a-fc92-4d32-aaf5-2a17c1e5858f,b240aad3-2140-4ebb-9645-e996115fdac7,f7f7d65a-fc92-4d32-aaf5-2a17c1e5858f,Small Donner Pizza (23cm),f7f7d65a-fc92-4d32-aaf5-2a17c1e5858f
variant,6a95821e-bfc7-4d22-9103-6b15e9d57800,b240aad3-2140-4ebb-9645-e996115fdac7,6a95821e-bfc7-4d22-9103-6b15e9d57800,Small Donner Pizza (23cm) + Extra Cheese,6a95821e-bfc7-4d22-9103-6b15e9d57800
variant,0a29d28e-8c7b-4993-adc8-d26e0e7fbf74,b99654f5-bc0d-4498-a45d-c1525230df7c,0a29d28e-8c7b-4993-adc8-d26e0e7fbf74,Small Garlic,0a29d28e-8c7b-4993-adc8-d26e0e7fbf74
variant,b5b5ecdc-23ab-4ac4-803d-c544438123f3,b99654f5-bc0d-4498-a45d-c1525230df7c,b5b5ecdc-23ab-4ac4-803d-c544438123f3,Small Garlic Sauce,b5b5ecdc-23ab-4ac4-803d-c544438123f3
product,64fd750d-8f90-4eca-92a6-e4a26d8254c8,64fd750d-8f90-4eca-92a6-e4a26d8254c8,,Small Paper Packers,64fd750d-8f90-4eca-92a6-e4a26d8254c8
product,4586e220-d7b5-4199-9459-8d345b82ebdf,4586e220-d7b5-4199-9459-8d345b82ebdf,,Small Pies,4586e220-d7b5-4199-9459-8d345b82ebdf
product,7f3f9d8a-d366-4d43-b7bf-cd9c52b72f89,7f3f9d8a-d366-4d43-b7bf-cd9c52b72f89,,Small Sausage Rolls,7f3f9d8a-d366-4d43-b7bf-cd9c52b72f89
product,1d8e8f4a-fbb9-461b-9645-dd0cd31a80ec,1d8e8f4a-fbb9-461b-9645-dd0cd31a80ec,,Small Shawarma,1d8e8f4a-fbb9-461b-9645-dd0cd31a80ec
product,e7eec347-97b8-42c4-b80e-f095001a9c57,e7eec347-97b8-42c4-b80e-f095001a9c57,,Small Styroform Packer,e7eec347-97b8-42c4-b80e-f095001a9c57
product,5488997b-de90-406b-9da1-6a836ad6f18c,5488997b-de90-406b-9da1-6a836ad6f18c,,Soyola Bottles 10L,5488997b-de90-406b-9da1-6a836ad6f18c
product,dd422d04-2dc2-41c0-9ca5-e17394acb7b5,dd422d04-2dc2-41c0-9ca5-e17394acb7b5,,Spaghetti Bolognes,dd422d04-2dc2-41c0-9ca5-e17394acb7b5
product,1edc9508-f559-4582-8bec-88efcd19f25c,1edc9508-f559-4582-8bec-88efcd19f25c,,Special Shawarma Sandwich,1edc9508-f559-4582-8bec-88efcd19f25c
product,e8fafde4-8d82-4632-8d83-ae1e47ad6916,e8fafde4-8d82-4632-8d83-ae1e47ad6916,,Spring Roll (Each),e8fafde4-8d82-4632-8d83-ae1e47ad6916
variant,cf4012ee-7aee-4f25-bb26-35850d303809,b240aad3-2140-4ebb-9645-e996115fdac7,cf4012ee-7aee-4f25-bb26-35850d303809,Standard Donner Pizza,cf4012ee-7aee-4f25-bb26-35850d303809
variant,3ffcdaa7-a1ad-40fd-8410-7a27967d6a1a,b240aad3-2140-4ebb-9645-e996115fdac7,3ffcdaa7-a1ad-40fd-8410-7a27967d6a1a,Standard Donner Pizza + Extra Cheese,3ffcdaa7-a1ad-40fd-8410-7a27967d6a1a
product,267f11fb-c7bb-467c-9ebe-8ba73ae15a57,267f11fb-c7bb-467c-9ebe-8ba73ae15a57,,Sugarcane Juice 500mls,267f11fb-c7bb-467c-9ebe-8ba73ae15a57
variant,56114b5a-33bf-4bf6-90df-de985a6258a1,98a13086-4c05-4edc-af10-8ba04d41cf3f,56114b5a-33bf-4bf6-90df-de985a6258a1,Supreme Beef Burger,56114b5a-33bf-4bf6-90df-de985a6258a1
product,552f93a6-cfce-44e6-bdd0-c697a5ad7d1a,552f93a6-cfce-44e6-bdd0-c697a5ad7d1a,,Sweet Corn,552f93a6-cfce-44e6-bdd0-c697a5ad7d1a
product,cf2c65e4-5618-493c-bcde-0e60141b2ce6,cf2c65e4-5618-493c-bcde-0e60141b2ce6,,Sweet Corn(/Can),cf2c65e4-5618-493c-bcde-0e60141b2ce6
product,362bd44a-59c1-4b49-9462-adcf5ee819b7,362bd44a-59c1-4b49-9462-adcf5ee819b7,,T-Bone,362bd44a-59c1-4b49-9462-adcf5ee819b7
product,e302d578-2253-44b6-9ea2-94de95114ef4,e302d578-2253-44b6-9ea2-94de95114ef4,,Take Away Packers (Small),e302d578-2253-44b6-9ea2-94de95114ef4
product,e61a912b-53af-4d3e-a46a-6bb314cec498,e61a912b-53af-4d3e-a46a-6bb314cec498,,Teabags(/Box),e61a912b-53af-4d3e-a46a-6bb314cec498
product,b2514587-1bdd-4834-9d8f-c9e8308cceca,b2514587-1bdd-4834-9d8f-c9e8308cceca,,Tissue Paper,b2514587-1bdd-4834-9d8f-c9e8308cceca
product,309,309,,Used Oil(/20L),309
variant,7edb165d-c2df-471d-9384-68da9713794a,fa313d72-146b-49d3-8e84-32995bad6335,7edb165d-c2df-471d-9384-68da9713794a,Vatra 500mls,7edb165d-c2df-471d-9384-68da9713794a
product,4b7a777f-e3de-4600-8311-e51616c612d8,4b7a777f-e3de-4600-8311-e51616c612d8,,Vegetarian Donner Kebab,4b7a777f-e3de-4600-8311-e51616c612d8
product,f96097a1-4864-4bba-9471-18aa35ffe65e,f96097a1-4864-4bba-9471-18aa35ffe65e,,Vegetarian Shawarma,f96097a1-4864-4bba-9471-18aa35ffe65e
product,58c8248f-d0e8-4138-9dda-e6909a7c65fa,58c8248f-d0e8-4138-9dda-e6909a7c65fa,,White Pepper(/Kg),58c8248f-d0e8-4138-9dda-e6909a7c65fa
variant,e73cbf7f-5fc4-41c7-a521-df835102d78b,8d0c05e0-a939-4c24-9ea5-424baf37c2eb,e73cbf7f-5fc4-41c7-a521-df835102d78b,Wildcat Energy Drink,e73cbf7f-5fc4-41c7-a521-df835102d78b
product,84657905-b37a-41ae-ad87-b2af86054bb1,84657905-b37a-41ae-ad87-b2af86054bb1,,Yeast(/Kg),84657905-b37a-41ae-ad87-b2af86054bb1
product,31aff19c-32d8-410e-b5ba-6c0d6d123e0d,31aff19c-32d8-410e-b5ba-6c0d6d123e0d,,Zam Coffee,31aff19c-32d8-410e-b5ba-6c0d6d123e0d
product,de5cb0ae-6589-486c-a855-7007313b0bf8,de5cb0ae-6589-486c-a855-7007313b0bf8,,Zeal,de5cb0ae-6589-486c-a855-7007313b0bf8
